Config,Best_Fitness_mean,Best_Fitness_std,Best_Fitness_median,Best_Fitness_min,Best_Fitness_max,Best_Fitness_<lambda_0>,Best_Fitness_<lambda_1>,Execution_Time_mean,Execution_Time_std,Execution_Time_min,Execution_Time_max
Config 1,8.71263,3.009944,10.423459,5.237184,10.477247,-0.706853,-1.5,11.326904,0.758517,10.476955,11.935012
Config 2,3.763003,1.882706,3.684808,1.920612,5.683588,0.07617,-1.5,64.268753,4.648183,58.902164,67.025504
Config 3,0.198341,0.165776,0.280236,0.007555,0.307231,-0.686071,-1.5,246.600787,4.868677,240.996127,249.783711
