Config,Best_Fitness_mean,Best_Fitness_std,Best_Fitness_median,Best_Fitness_min,Best_Fitness_max,Best_Fitness_<lambda_0>,Best_Fitness_<lambda_1>,Execution_Time_mean,Execution_Time_std,Execution_Time_min,Execution_Time_max
Config 1,8.5841,2.137379,9.233798,4.205839,11.154151,-0.880629,-0.194987,18.50478,6.419526,12.358546,33.525115
Config 2,5.149937,3.586072,4.325846,1.415107,10.475482,0.348249,-1.505693,44.575415,24.115612,13.421885,73.515594
Config 3,2.881271,3.346649,1.526185,0.172468,8.274729,0.796315,-1.185227,149.339992,90.034384,37.767662,295.570705
