run_id,config_idx,config_name,best_fitness,execution_time
1,0,Config 1,10.423458913129322,11.935011625289917
2,0,Config 1,10.477247101381346,11.568746566772461
0,0,Config 1,5.237184382129529,10.476954936981201
0,1,Config 2,1.9206118955169238,58.90216422080994
2,1,Config 2,5.683587812621017,66.87859177589417
1,2,Config 3,0.3072313265536408,249.02252316474915
2,2,Config 3,0.0075550155737040825,240.99612736701965
0,2,Config 3,0.2802361279219987,249.78371119499207
1,1,Config 2,3.6848078247510543,67.02550387382507
