Config,mean,std,median,min,max,count
Config 1,8.71263,3.009944,10.423459,5.237184,10.477247,3
Config 2,3.763003,1.882706,3.684808,1.920612,5.683588,3
Config 3,0.198341,0.165776,0.280236,0.007555,0.307231,3
