Config,mean,std,median,min,max,count
Config 1,7.944956,3.37357,9.218431,2.885241,11.287638,10
Config 2,7.33014,2.65534,7.747685,2.884382,10.228998,10
Config 3,5.973744,4.611812,8.826683,0.308921,10.508847,10
