run_id,config_idx,config_name,best_fitness,execution_time
1,0,Config 1,7.275459202406744e-08,11.108133554458618
0,0,Config 1,2.112214893844454e-07,11.095145463943481
2,0,Config 1,3.564085031085387e-30,10.741838455200195
1,1,Config 2,2.137825743803567e-95,64.32430338859558
2,1,Config 2,4.751424623416032e-93,64.22513556480408
0,1,Config 2,4.268219551235766e-92,64.6201422214508
1,2,Config 3,1.1906519368708576e-239,264.1872591972351
0,2,Config 3,1.1462031500782466e-235,263.8059551715851
2,2,Config 3,1.0298821897755974e-243,264.0238149166107
