Config,mean,std,median,min,max,count
Config 1,85.952138,271.791444,0.0,0.0,859.484148,10
Config 2,0.0,0.0,0.0,0.0,0.0,10
Config 3,0.0,0.0,0.0,0.0,0.0,10
