Conjunto,MSE,MAE,R2
Validação,1.097540904899033,0.7419131614774079,-0.08798321400341247
Teste,1.3565172596976933,0.8870254398730127,-0.022040209259085897
