Config,Best_Fitness_mean,Best_Fitness_std,Best_Fitness_median,Best_Fitness_min,Best_Fitness_max,Best_Fitness_<lambda_0>,Best_Fitness_<lambda_1>,Execution_Time_mean,Execution_Time_std,Execution_Time_min,Execution_Time_max
Config 1,303044053.510376,211205980.723056,271658033.24657,75957245.06311,679849793.043742,0.436815,-1.078011,14.156649,5.286352,7.551401,22.568015
Config 2,301104988.347672,162126848.550928,277260638.052181,128956062.597857,629867016.500006,0.889347,-0.198534,13.101281,2.263378,9.355011,16.144147
Config 3,140454184.849202,66496400.914173,135717768.471733,57687986.87459,277716187.746965,0.765809,-0.181894,15.674672,1.766506,13.790422,20.298855
