Config,mean,std,median,min,max,count
Config 1,248737060.26928,150556193.295002,274493673.768636,69591795.690678,467596172.249804,10
Config 2,209511785.993317,99277425.109167,186574843.084605,76228735.33801,398884186.215077,10
Config 3,150572231.041941,63903505.024528,144477985.350864,57700741.859595,246691547.176692,10
