Conjunto,MSE,MAE,R2,Bias,RMSE,SE
Validação,1.097540904899033,0.7419131614774075,-0.08798321400341247,0.12696768222320753,1.0476358646490835,1.0477620272708188
Teste,1.3565172596976938,0.8870254398730124,-0.02204020925908612,0.18293535062223512,1.164696209188342,1.1583118972173898
