Conjunto,MSE,MAE,R2,Bias,RMSE,SE
Validação,0.34463781191945625,0.4609646297476354,0.6583633898239742,0.23950811417166604,0.5870586102932621,0.5400243574203744
Teste,0.19002745100419297,0.3404325628145683,0.8568277002000122,0.04049337865071134,0.43592138167815647,0.43708247013827184
