Conjunto,MSE,MAE,R2,Bias,RMSE,SE
Validação,0.2555632063220198,0.38817609247147267,0.7466623090272639,-0.1167182600103139,0.5055325966958212,0.495586332032747
Teste,0.5002375689749212,0.5963757738309157,0.6231062258741018,0.5336207700771877,0.7072747478702468,0.4674627932115135
