Conjunto,MSE,MAE,R2,Bias,RMSE,SE
Validação,1.0223115510154106,0.7280627236748612,-0.013408978218338863,0.019421365428813203,1.011094234488265,1.0185372921712925
Teste,1.3240592706013574,0.8860307050301327,0.0024145993553957856,0.15469586240623862,1.1506777440279956,1.1482334820136086
