{
  "validation": {
    "R2": {
      "mean": 0.40299478546235007,
      "std": 0.2268140466698588,
      "min": -0.09939592378705009,
      "max": 0.7528092941646702,
      "q25": 0.21678455688445253,
      "median": 0.45171045740473614,
      "q75": 0.5831021703696151
    },
    "MSE": {
      "mean": 0.6022497727534227,
      "std": 0.22880655769480238,
      "min": 0.2493622212854174,
      "max": 1.1090538728033745,
      "q25": 0.4205601844713207,
      "median": 0.5531061444526987,
      "q75": 0.7900958168323716
    },
    "RMSE": {
      "mean": 0.7625041454573818,
      "std": 0.14681868097476333,
      "min": 0.499361814004052,
      "max": 1.0531162674668806,
      "q25": 0.6484988412281901,
      "median": 0.7435176177580364,
      "q75": 0.8887820258881647
    },
    "MAE": {
      "mean": 0.5862308357765347,
      "std": 0.12933313888424416,
      "min": 0.3507816716772035,
      "max": 0.8608942635631822,
      "q25": 0.4860628880580172,
      "median": 0.5712984428359116,
      "q75": 0.6830670994950574
    },
    "BIAS": {
      "mean": 0.05218561584806855,
      "std": 0.37845264216196833,
      "min": -0.5630282991080224,
      "max": 0.7231067735036104,
      "q25": -0.24046764266240273,
      "median": 0.007110413778707565,
      "q75": 0.39389080272445187
    },
    "SE": {
      "mean": 0.6727709341258836,
      "std": 0.12637992357615177,
      "min": 0.47716104220662486,
      "max": 0.9025592905667552,
      "q25": 0.601417323785431,
      "median": 0.6705315160855132,
      "q75": 0.753745364932079
    }
  },
  "test": {
    "R2": {
      "mean": 0.06875046825974777,
      "std": 0.4624878508349025,
      "min": -1.4723017123982816,
      "max": 0.5831228546280303,
      "q25": -0.01491757721480702,
      "median": 0.14161689720290055,
      "q75": 0.41238479021292174
    },
    "MSE": {
      "mean": 1.2360140544830691,
      "std": 0.61384351258826,
      "min": 0.553306061490999,
      "max": 3.281397261737545,
      "q25": 0.7799205617506055,
      "median": 1.1393010605925662,
      "q75": 1.3470636460188885
    },
    "RMSE": {
      "mean": 1.0830507480069536,
      "std": 0.2553195395996148,
      "min": 0.7438454553810213,
      "max": 1.8114627409189363,
      "q25": 0.8830028585792493,
      "median": 1.0672446430285765,
      "q75": 1.1606302652692269
    },
    "MAE": {
      "mean": 0.9093056843057504,
      "std": 0.2571203300822411,
      "min": 0.5851298432684409,
      "max": 1.6471198889729182,
      "q25": 0.7383610311372639,
      "median": 0.8912503139138452,
      "q75": 0.9934303214527014
    },
    "BIAS": {
      "mean": -0.7429488026288864,
      "std": 0.45359923599477076,
      "min": -1.6332457158554408,
      "max": 0.805274086162265,
      "q25": -0.9558525945649647,
      "median": -0.8010856614558174,
      "q75": -0.497554601365386
    },
    "SE": {
      "mean": 0.6988678504947657,
      "std": 0.06072033875270105,
      "min": 0.5893717952859994,
      "max": 0.8231289306245222,
      "q25": 0.6577645231419014,
      "median": 0.6987629999584383,
      "q75": 0.7288610069704944
    }
  }
}