{
  "validation": {
    "R2": {
      "mean": 0.7004305227890182,
      "std": 0.07488531645777217,
      "min": 0.3988903874314692,
      "max": 0.7753250827623097,
      "q25": 0.6753382922364963,
      "median": 0.7227288488985767,
      "q75": 0.7448633013420154
    },
    "MSE": {
      "mean": 0.30220112853435965,
      "std": 0.07554316733094003,
      "min": 0.22664863648566966,
      "max": 0.6063902270094244,
      "q25": 0.25737801789022635,
      "median": 0.2797069165823528,
      "q75": 0.3275137887593399
    },
    "RMSE": {
      "mean": 0.5463137193179451,
      "std": 0.06222136748533093,
      "min": 0.47607629271543195,
      "max": 0.7787106182719126,
      "q25": 0.5073117220077672,
      "median": 0.5288385387978023,
      "q75": 0.572206460690488
    },
    "MAE": {
      "mean": 0.42910259155858,
      "std": 0.06169927095772376,
      "min": 0.35649684725175745,
      "max": 0.6874339511911999,
      "q25": 0.3997989405891021,
      "median": 0.41116102672883315,
      "q75": 0.4560860350577106
    },
    "BIAS": {
      "mean": 0.18227121149950165,
      "std": 0.14638275635468687,
      "min": -0.17307409902394977,
      "max": 0.5878332692631106,
      "q25": 0.13332713422155157,
      "median": 0.1789696147951303,
      "q75": 0.23963491820144328
    },
    "SE": {
      "mean": 0.4997349812852016,
      "std": 0.04868499361784005,
      "min": 0.4313598862650545,
      "max": 0.6311185844362808,
      "q25": 0.4680124647355203,
      "median": 0.48540817102555817,
      "q75": 0.513175170700338
    },
    "num_features": {
      "mean": 14.266666666666667,
      "std": 3.2156227833900966,
      "min": 10.0,
      "max": 24.0,
      "q25": 12.0,
      "median": 14.0,
      "q75": 16.0
    },
    "best_fitness": {
      "mean": 0.9483475107864102,
      "std": 0.004870688644591547,
      "min": 0.9318421646499699,
      "max": 0.9550644878143205,
      "q25": 0.9468594242020733,
      "median": 0.9493900413186768,
      "q75": 0.951687127181874
    }
  },
  "test": {
    "R2": {
      "mean": 0.7353839429441068,
      "std": 0.16471705460191155,
      "min": 0.19303077505499344,
      "max": 0.8771076059689135,
      "q25": 0.7136447771529828,
      "median": 0.8041415107660456,
      "q75": 0.8437666381966642
    },
    "MSE": {
      "mean": 0.3512153879441683,
      "std": 0.2186230301996056,
      "min": 0.16311066049895404,
      "max": 1.0710612672238564,
      "q25": 0.20736292946875107,
      "median": 0.2599559378361239,
      "q75": 0.3800690018626142
    },
    "RMSE": {
      "mean": 0.5712236862440462,
      "std": 0.16055578540011142,
      "min": 0.4038696082883113,
      "max": 1.0349208990178218,
      "q25": 0.45536550484501315,
      "median": 0.509858704491889,
      "q75": 0.6164813466170176
    },
    "MAE": {
      "mean": 0.46864496358194435,
      "std": 0.15625922387028204,
      "min": 0.31253643524759817,
      "max": 0.9276599727071869,
      "q25": 0.36106477063934617,
      "median": 0.4015665598986592,
      "q75": 0.509559421453954
    },
    "BIAS": {
      "mean": 0.2758650186720662,
      "std": 0.3029647117958239,
      "min": -0.6864006256801437,
      "max": 0.9266190493926683,
      "q25": 0.1571722010833826,
      "median": 0.2684895132560999,
      "q75": 0.44083943085631627
    },
    "SE": {
      "mean": 0.4337719099383262,
      "std": 0.029704284077247782,
      "min": 0.3978005659534052,
      "max": 0.5296080857643632,
      "q25": 0.4164202431703564,
      "median": 0.42641868259149485,
      "q75": 0.4348767878290063
    },
    "num_features": {
      "mean": 14.266666666666667,
      "std": 3.2156227833900966,
      "min": 10.0,
      "max": 24.0,
      "q25": 12.0,
      "median": 14.0,
      "q75": 16.0
    },
    "best_fitness": {
      "mean": 0.9483475107864102,
      "std": 0.004870688644591547,
      "min": 0.9318421646499699,
      "max": 0.9550644878143205,
      "q25": 0.9468594242020733,
      "median": 0.9493900413186768,
      "q75": 0.951687127181874
    }
  }
}